需求ID,模块,需求,首版状态,证据
R01,首页,圆形时钟、分隔线、品牌条,实现,S01
R02,首页,可替换壁纸,实现；默认用独立生成插画,S01/V02
R03,Dock,实时电量、星期和日期,实现,S01
R04,Dock,斜向到水平的整组旋转,定义原生动画；需真机验收,S03
R05,导航,天气/音乐/日历/应用四个侧栏入口,实现,S01
R06,控制中心,CPU、内存、存储、温度、Android版本,公式接入；各系统可读性待验收,S02
R07,控制中心,搜索与主题设置,实现,S02
R08,支付,支付宝付款码、扫一扫,入口已定义；版本适配未验证,S02
R09,支付,微信付款码、扫一扫,默认打开微信；直达待适配,S02
R10,应用,2×4快捷入口,实现；应用与图标为自选默认项,S03
R11,天气,多日曲线跟随真实最高温变化,公式接入；本地仅检查结构,S04
R12,天气,前后翻页与边界限制,实现定义；依赖预报天数,S04
R13,天气,点击节点打开并关闭详情,实现,S05
R14,天气,温度、体感、湿度、风速、更新时间,公式接入,S04
R15,空气质量,AQI、NO2、PM2.5、PM10,公式接入；无数据时显示横线,S04
R16,空气质量,SO2读数,外部全局变量入口；默认未知,S04
R17,天气预警,真实预警文字,外部全局变量入口；默认提示未接入,S04
R18,天气动效,预警条荧光色扫过,以淡出近似；不等同原版扫描,S04
R19,音乐,封面、标题、歌手、时间进度,公式接入；需通知访问权限与播放器,S06
R20,音乐,上一首/播放暂停/下一首,原生操作定义；待手机验证,S06
R21,音乐,实时逐行歌词,保留文本接入口；逐行同步未实现,S06
R22,日历,动态月历、周日起始、日期选择,实现；独立日期边界校验,S07
R23,日历,前后月与回到今天,实现,S07
R24,日历,年进度与剩余天数,公式接入,S07
R25,日历,系统日程、条目切换与编辑入口,公式接入；需日历权限与系统应用,S07
R26,外观,六星/赛博/壁纸取色,颜色模式实现；原版独特光效为近似,S08
R27,外观,光点开关,实现,S08
R28,外观,主导/温和/活力取色,实现,S08
R29,外观,加载动画开关,实现,S08
R30,功能,浅色/深色/按日出日落切换,实现,S09/V01
R31,功能,Dock关闭/日期/图标,实现,S09
R32,功能,避开启动器Dock,预留90设计单位；机型待适配,S09
R33,功能,空白返回,主要留白热区实现；不是任意像素返回,S09
R34,功能,重力视差,壁纸轻微视差定义；完整3D卡片效果未实现,S02/S09
R35,加载,扫描标志、进度、自动结束,2秒近似过渡；图形独立重绘,S10
R36,动效,模块错峰入场,淡入和位移定义；原视频复杂反向动画未逐项复现,S02/S06
R37,适配,常见竖屏比例,720×1600等比缩放；刘海/手势/横折屏未验证,S01
R38,兼容,主题包实际导入与可点击,待目标手机验收,全部
